{"cameraMode":{"drawMode":0,"name":"Shaded","section":"Shading Mode"},"sceneLighting":true,"audioPlay":false,"sceneViewState":{"showFog":true,"showMaterialUpdate":false,"showSkybox":true,"showFlares":true,"showImageEffects":true,"showParticleSystems":true},"in2DMode":false,"pivot":{"x":84.42864990234375,"y":9.999100685119629,"z":454.4852294921875},"rotation":{"x":-0.0005751124699600041,"y":0.9953774213790894,"z":-0.005972337443381548,"w":-0.0958508849143982},"size":22.0,"orthographic":false}