{"cameraMode":{"drawMode":0,"name":"Shaded","section":"Shading Mode"},"sceneLighting":true,"audioPlay":false,"sceneViewState":{"showFog":true,"showMaterialUpdate":false,"showSkybox":true,"showFlares":true,"showImageEffects":true,"showParticleSystems":true},"in2DMode":false,"pivot":{"x":0.44133758544921877,"y":-15.707098007202149,"z":33.99937438964844},"rotation":{"x":-0.21579419076442719,"y":-0.051495082676410678,"z":0.01145385392010212,"w":-0.9750435948371887},"size":106.39105224609375,"orthographic":false}