{"cameraMode":{"drawMode":0,"name":"Shaded","section":"Shading Mode"},"sceneLighting":true,"audioPlay":false,"sceneViewState":{"showFog":true,"showMaterialUpdate":false,"showSkybox":true,"showFlares":true,"showImageEffects":true,"showParticleSystems":true},"in2DMode":false,"pivot":{"x":735.1646728515625,"y":-74.8333740234375,"z":-71.47607421875},"rotation":{"x":-0.21579419076442719,"y":-0.051495082676410678,"z":0.01145385392010212,"w":-0.9750435948371887},"size":1578.39453125,"orthographic":false}