{"cameraMode":{"drawMode":0,"name":"Shaded","section":"Shading Mode"},"sceneLighting":true,"audioPlay":false,"sceneViewState":{"showFog":true,"showMaterialUpdate":false,"showSkybox":true,"showFlares":true,"showImageEffects":true,"showParticleSystems":true},"in2DMode":false,"pivot":{"x":1.6660000085830689,"y":2.700000047683716,"z":-17.200000762939454},"rotation":{"x":0.3701169490814209,"y":-0.054614342749118808,"z":0.02174549363553524,"w":0.9271566867828369},"size":13.018707275390625,"orthographic":false}