{"cameraMode":{"drawMode":0,"name":"Shaded","section":"Shading Mode"},"sceneLighting":true,"audioPlay":false,"sceneViewState":{"showFog":true,"showMaterialUpdate":false,"showSkybox":true,"showFlares":true,"showImageEffects":true,"showParticleSystems":true},"in2DMode":false,"pivot":{"x":92.010009765625,"y":15.317626953125,"z":182.55853271484376},"rotation":{"x":-0.09001444280147553,"y":-0.06148185208439827,"z":0.005611051339656115,"w":-0.9940521717071533},"size":527.1127319335938,"orthographic":false}