{"cameraMode":{"drawMode":0,"name":"Shaded","section":"Shading Mode"},"sceneLighting":false,"audioPlay":false,"sceneViewState":{"showFog":true,"showMaterialUpdate":false,"showSkybox":false,"showFlares":true,"showImageEffects":true,"showParticleSystems":true},"in2DMode":false,"pivot":{"x":-3.952099323272705,"y":7.25,"z":80.60910034179688},"rotation":{"x":-0.23460878431797028,"y":-0.062069281935691836,"z":0.015012513846158982,"w":-0.9699916243553162},"size":3.9401509761810304,"orthographic":false}