{"cameraMode":{"drawMode":0,"name":"Shaded","section":"Shading Mode"},"sceneLighting":false,"audioPlay":false,"sceneViewState":{"showFog":true,"showMaterialUpdate":false,"showSkybox":false,"showFlares":true,"showImageEffects":true,"showParticleSystems":true},"in2DMode":false,"pivot":{"x":-17.521282196044923,"y":3.7790746688842775,"z":174.91954040527345},"rotation":{"x":0.1259348839521408,"y":-0.5350725650787354,"z":0.08102286607027054,"w":0.8314516544342041},"size":17.327871322631837,"orthographic":false}