{"cameraMode":{"drawMode":0,"name":"Shaded","section":"Shading Mode"},"sceneLighting":true,"audioPlay":false,"sceneViewState":{"showFog":true,"showMaterialUpdate":false,"showSkybox":true,"showFlares":true,"showImageEffects":true,"showParticleSystems":true},"in2DMode":false,"pivot":{"x":98.23654174804688,"y":61.968772888183597,"z":41.30153274536133},"rotation":{"x":-0.08504283428192139,"y":0.5999554991722107,"z":-0.06429056823253632,"w":-0.7929325699806213},"size":338.7298583984375,"orthographic":false}