{"cameraMode":{"drawMode":0,"name":"Shaded","section":"Shading Mode"},"sceneLighting":false,"audioPlay":false,"sceneViewState":{"showFog":true,"showMaterialUpdate":false,"showSkybox":false,"showFlares":true,"showImageEffects":true,"showParticleSystems":true},"in2DMode":false,"pivot":{"x":-4.868279933929443,"y":3.359619140625,"z":185.7974090576172},"rotation":{"x":0.15026801824569703,"y":-0.28932374715805056,"z":0.04602545127272606,"w":0.9442623257637024},"size":16.842626571655275,"orthographic":false}