{"cameraMode":{"drawMode":0,"name":"Shaded","section":"Shading Mode"},"sceneLighting":true,"audioPlay":false,"sceneViewState":{"showFog":true,"showMaterialUpdate":false,"showSkybox":true,"showFlares":true,"showImageEffects":true,"showParticleSystems":true},"in2DMode":false,"pivot":{"x":225.635498046875,"y":26.034059524536134,"z":310.877197265625},"rotation":{"x":0.18667031824588777,"y":-0.02094537764787674,"z":0.003949883859604597,"w":0.9822172522544861},"size":60.06901931762695,"orthographic":false}