{"cameraMode":{"drawMode":0,"name":"Shaded","section":"Shading Mode"},"sceneLighting":true,"audioPlay":false,"sceneViewState":{"showFog":true,"showMaterialUpdate":false,"showSkybox":true,"showFlares":true,"showImageEffects":true,"showParticleSystems":true},"in2DMode":false,"pivot":{"x":-111.6361083984375,"y":11.396862030029297,"z":-15.340357780456543},"rotation":{"x":0.2335716038942337,"y":-0.49711567163467409,"z":0.1409585028886795,"w":0.8236914277076721},"size":18.598922729492189,"orthographic":false}