{"cameraMode":{"drawMode":0,"name":"Shaded","section":"Shading Mode"},"sceneLighting":true,"audioPlay":false,"sceneViewState":{"showFog":true,"showMaterialUpdate":false,"showSkybox":true,"showFlares":true,"showImageEffects":true,"showParticleSystems":true},"in2DMode":false,"pivot":{"x":3.4200000762939455,"y":21.3700008392334,"z":35.54999923706055},"rotation":{"x":0.3701169490814209,"y":-0.054614342749118808,"z":0.02174549363553524,"w":0.9271566867828369},"size":7.861059188842773,"orthographic":false}