{"cameraMode":{"drawMode":0,"name":"Shaded","section":"Shading Mode"},"sceneLighting":true,"audioPlay":false,"sceneViewState":{"showFog":true,"showMaterialUpdate":false,"showSkybox":true,"showFlares":true,"showImageEffects":true,"showParticleSystems":true},"in2DMode":false,"pivot":{"x":502.8511962890625,"y":2.620565891265869,"z":200.0726318359375},"rotation":{"x":0.10588447004556656,"y":0.8463000655174255,"z":-0.18331286311149598,"w":0.48883986473083498},"size":2.9581472873687746,"orthographic":false}