{"cameraMode":{"drawMode":0,"name":"Shaded","section":"Shading Mode"},"sceneLighting":false,"audioPlay":false,"sceneViewState":{"showFog":true,"showMaterialUpdate":false,"showSkybox":false,"showFlares":true,"showImageEffects":true,"showParticleSystems":true},"in2DMode":false,"pivot":{"x":-0.9807929992675781,"y":5.824796199798584,"z":-14.94912052154541},"rotation":{"x":0.26876261830329897,"y":-0.13324037194252015,"z":0.03755156323313713,"w":0.9532427787780762},"size":51.27104187011719,"orthographic":false}