{"cameraMode":{"drawMode":0,"name":"Shaded","section":"Shading Mode"},"sceneLighting":true,"audioPlay":false,"sceneViewState":{"showFog":true,"showMaterialUpdate":true,"showSkybox":true,"showFlares":true,"showImageEffects":true,"showParticleSystems":true},"in2DMode":false,"pivot":{"x":870.3641357421875,"y":-143.3809814453125,"z":211.95474243164063},"rotation":{"x":0.054754164069890979,"y":-0.661209225654602,"z":0.7466317415237427,"w":0.048495300114154819},"size":1877.844482421875,"orthographic":false}