{"cameraMode":{"drawMode":0,"name":"Shaded","section":"Shading Mode"},"sceneLighting":false,"audioPlay":false,"sceneViewState":{"showFog":true,"showMaterialUpdate":true,"showSkybox":false,"showFlares":true,"showImageEffects":true,"showParticleSystems":true},"in2DMode":false,"pivot":{"x":1.7881393432617188e-7,"y":0.5158008933067322,"z":4.035800933837891},"rotation":{"x":0.3027632236480713,"y":-0.31626272201538088,"z":0.10726874321699143,"w":0.892642080783844},"size":4.371942520141602,"orthographic":false}