{"cameraMode":{"drawMode":0,"name":"Shaded","section":"Shading Mode"},"sceneLighting":true,"audioPlay":false,"sceneViewState":{"showFog":true,"showMaterialUpdate":false,"showSkybox":true,"showFlares":true,"showImageEffects":true,"showParticleSystems":true},"in2DMode":false,"pivot":{"x":1.4126625061035157,"y":13.51309871673584,"z":-3.0439815521240236},"rotation":{"x":-0.00277028139680624,"y":0.9440418481826782,"z":-0.00792782660573721,"w":-0.32971951365470889},"size":14.325479507446289,"orthographic":false}