{"cameraMode":{"drawMode":0,"name":"Shaded","section":"Shading Mode"},"sceneLighting":true,"audioPlay":false,"sceneViewState":{"showFog":true,"showMaterialUpdate":true,"showSkybox":true,"showFlares":true,"showImageEffects":true,"showParticleSystems":true},"in2DMode":false,"pivot":{"x":1.190000057220459,"y":4.659999847412109,"z":-9.989999771118164},"rotation":{"x":0.18188618123531342,"y":-0.06697510927915573,"z":0.0123963737860322,"w":0.9809739589691162},"size":22.0,"orthographic":false}