{"cameraMode":{"drawMode":0,"name":"Shaded","section":"Shading Mode"},"sceneLighting":false,"audioPlay":false,"sceneViewState":{"showFog":true,"showMaterialUpdate":true,"showSkybox":false,"showFlares":true,"showImageEffects":true,"showParticleSystems":true},"in2DMode":false,"pivot":{"x":226.5636749267578,"y":204.49996948242188,"z":31.445009231567384},"rotation":{"x":-0.2847954034805298,"y":-0.13743819296360017,"z":0.041295088827610019,"w":-0.947790265083313},"size":1026.908203125,"orthographic":false}