{"cameraMode":{"drawMode":0,"name":"Shaded","section":"Shading Mode"},"sceneLighting":false,"audioPlay":false,"sceneViewState":{"showFog":true,"showMaterialUpdate":true,"showSkybox":true,"showFlares":true,"showImageEffects":true,"showParticleSystems":true},"in2DMode":false,"pivot":{"x":-110.70855712890625,"y":-96.228515625,"z":-64.341064453125},"rotation":{"x":0.3027632236480713,"y":-0.31626272201538088,"z":0.10726874321699143,"w":0.892642080783844},"size":344.846923828125,"orthographic":false}