{"cameraMode":{"drawMode":0,"name":"Shaded","section":"Shading Mode"},"sceneLighting":false,"audioPlay":false,"sceneViewState":{"showFog":true,"showMaterialUpdate":true,"showSkybox":false,"showFlares":true,"showImageEffects":true,"showParticleSystems":true},"in2DMode":false,"pivot":{"x":0.39169901609420779,"y":5.117071151733398,"z":-13.126595497131348},"rotation":{"x":-0.1944357305765152,"y":-0.4895874857902527,"z":0.11301571875810623,"w":-0.8424820303916931},"size":7.607509136199951,"orthographic":false}