{"cameraMode":{"drawMode":0,"name":"Shaded","section":"Shading Mode"},"sceneLighting":true,"audioPlay":false,"sceneViewState":{"showFog":true,"showMaterialUpdate":false,"showSkybox":true,"showFlares":true,"showImageEffects":true,"showParticleSystems":true},"in2DMode":false,"pivot":{"x":5.256745338439941,"y":-0.8287161588668823,"z":-11.530447959899903},"rotation":{"x":0.27088627219200137,"y":0.21990826725959779,"z":-0.06371194869279862,"w":0.9349901080131531},"size":18.665023803710939,"orthographic":true}