{"cameraMode":{"drawMode":0,"name":"Shaded","section":"Shading Mode"},"sceneLighting":false,"audioPlay":false,"sceneViewState":{"showFog":true,"showMaterialUpdate":true,"showSkybox":true,"showFlares":true,"showImageEffects":true,"showParticleSystems":true},"in2DMode":false,"pivot":{"x":0.4864083528518677,"y":1.644526481628418,"z":2.4793944358825685},"rotation":{"x":0.3027632236480713,"y":-0.31626272201538088,"z":0.10726874321699143,"w":0.892642080783844},"size":1.6928367614746094,"orthographic":false}