{"cameraMode":{"drawMode":0,"name":"Shaded","section":"Shading Mode"},"sceneLighting":true,"audioPlay":false,"sceneViewState":{"showFog":true,"showMaterialUpdate":true,"showSkybox":true,"showFlares":true,"showImageEffects":true,"showParticleSystems":true},"in2DMode":false,"pivot":{"x":-1.0777215957641602,"y":-2.9733786582946779,"z":-21.89531135559082},"rotation":{"x":0.1203276664018631,"y":-0.878231942653656,"z":0.29934588074684145,"w":0.3530276417732239},"size":16.56698226928711,"orthographic":false}