{"cameraMode":{"drawMode":0,"name":"Shaded","section":"Shading Mode"},"sceneLighting":true,"audioPlay":false,"sceneViewState":{"showFog":true,"showMaterialUpdate":false,"showSkybox":true,"showFlares":true,"showImageEffects":true,"showParticleSystems":true},"in2DMode":false,"pivot":{"x":-4.842390060424805,"y":0.21564435958862306,"z":-7.316653251647949},"rotation":{"x":-0.13587981462478639,"y":0.3956543207168579,"z":-0.059314627200365069,"w":-0.9063600301742554},"size":16.945556640625,"orthographic":false}