{"cameraMode":{"drawMode":0,"name":"Shaded","section":"Shading Mode"},"sceneLighting":false,"audioPlay":false,"sceneViewState":{"showFog":true,"showMaterialUpdate":false,"showSkybox":false,"showFlares":true,"showImageEffects":true,"showParticleSystems":true},"in2DMode":false,"pivot":{"x":-0.04268944263458252,"y":0.8207994699478149,"z":6.026543617248535},"rotation":{"x":0.008998642675578595,"y":0.015601126477122307,"z":-0.00014173935051076114,"w":0.9998425245285034},"size":16.222517013549806,"orthographic":false}