{"cameraMode":{"drawMode":0,"name":"Shaded","section":"Shading Mode"},"sceneLighting":false,"audioPlay":false,"sceneViewState":{"showFog":true,"showMaterialUpdate":true,"showSkybox":false,"showFlares":true,"showImageEffects":true,"showParticleSystems":true},"in2DMode":false,"pivot":{"x":-3.825996160507202,"y":7.616608142852783,"z":80.15766906738281},"rotation":{"x":-0.012307616882026196,"y":0.9865067601203919,"z":-0.13731053471565247,"w":-0.08842984586954117},"size":4.2401509284973148,"orthographic":false}