{"cameraMode":{"drawMode":0,"name":"Shaded","section":"Shading Mode"},"sceneLighting":true,"audioPlay":false,"sceneViewState":{"showFog":true,"showMaterialUpdate":false,"showSkybox":true,"showFlares":true,"showImageEffects":true,"showParticleSystems":true},"in2DMode":false,"pivot":{"x":12012.1220703125,"y":677.9434204101563,"z":1182.83984375},"rotation":{"x":0.2738483250141144,"y":-0.026827596127986909,"z":0.007645164616405964,"w":0.9613816738128662},"size":8406.810546875,"orthographic":false}