{"cameraMode":{"drawMode":0,"name":"Shaded","section":"Shading Mode"},"sceneLighting":false,"audioPlay":false,"sceneViewState":{"showFog":true,"showMaterialUpdate":true,"showSkybox":false,"showFlares":true,"showImageEffects":true,"showParticleSystems":true},"in2DMode":false,"pivot":{"x":-0.8935522437095642,"y":3.4398865699768068,"z":-10.232269287109375},"rotation":{"x":0.4120684564113617,"y":0.01859205774962902,"z":-0.008399439044296742,"w":0.9109407067298889},"size":6.866856098175049,"orthographic":false}