{"cameraMode":{"drawMode":0,"name":"Shaded","section":"Shading Mode"},"sceneLighting":false,"audioPlay":false,"sceneViewState":{"showFog":true,"showMaterialUpdate":true,"showSkybox":false,"showFlares":true,"showImageEffects":true,"showParticleSystems":true},"in2DMode":false,"pivot":{"x":281.59954833984377,"y":168.92123413085938,"z":-66.62409973144531},"rotation":{"x":0.5315598845481873,"y":-0.343382865190506,"z":0.24895326793193818,"w":0.7331838607788086},"size":603.4402465820313,"orthographic":false}