{"cameraMode":{"drawMode":0,"name":"Shaded","section":"Shading Mode"},"sceneLighting":true,"audioPlay":false,"sceneViewState":{"showFog":true,"showMaterialUpdate":false,"showSkybox":true,"showFlares":true,"showImageEffects":true,"showParticleSystems":true},"in2DMode":false,"pivot":{"x":17.193323135375978,"y":14.784561157226563,"z":-23.38723373413086},"rotation":{"x":-0.38861939311027529,"y":-0.027084406465291978,"z":0.011433855630457402,"w":-0.9209433197975159},"size":46.40155792236328,"orthographic":false}