{"cameraMode":{"drawMode":0,"name":"Shaded","section":"Shading Mode"},"sceneLighting":false,"audioPlay":false,"sceneViewState":{"showFog":true,"showMaterialUpdate":true,"showSkybox":true,"showFlares":true,"showImageEffects":true,"showParticleSystems":true},"in2DMode":false,"pivot":{"x":-0.5678417682647705,"y":2.3498053550720217,"z":77.01994323730469},"rotation":{"x":-0.03673158586025238,"y":0.9606219530105591,"z":-0.22776257991790772,"w":-0.15492671728134156},"size":10.829339027404786,"orthographic":false}