{"cameraMode":{"drawMode":0,"name":"Shaded","section":"Shading Mode"},"sceneLighting":true,"audioPlay":false,"sceneViewState":{"showFog":true,"showMaterialUpdate":false,"showSkybox":true,"showFlares":true,"showImageEffects":true,"showParticleSystems":true},"in2DMode":false,"pivot":{"x":-1750.312744140625,"y":7475.89453125,"z":-15926.4931640625},"rotation":{"x":0.21537338197231294,"y":0.06059996783733368,"z":-0.013392147608101368,"w":0.9745599627494812},"size":77.91902160644531,"orthographic":false}