{"cameraMode":{"drawMode":0,"name":"Shaded","section":"Shading Mode"},"sceneLighting":false,"audioPlay":false,"sceneViewState":{"showFog":true,"showMaterialUpdate":true,"showSkybox":true,"showFlares":true,"showImageEffects":true,"showParticleSystems":true},"in2DMode":false,"pivot":{"x":0.467193603515625,"y":15.640352249145508,"z":-18.76288604736328},"rotation":{"x":0.3027632236480713,"y":-0.31626272201538088,"z":0.10726874321699143,"w":0.892642080783844},"size":99.06222534179688,"orthographic":false}