{"cameraMode":{"drawMode":0,"name":"Shaded","section":"Shading Mode"},"sceneLighting":true,"audioPlay":false,"sceneViewState":{"showFog":true,"showMaterialUpdate":false,"showSkybox":true,"showFlares":true,"showImageEffects":true,"showParticleSystems":true},"in2DMode":false,"pivot":{"x":11.800636291503907,"y":6.23757266998291,"z":10.190685272216797},"rotation":{"x":-0.3156181871891022,"y":0.03329513967037201,"z":-0.011079487390816212,"w":-0.948246955871582},"size":96.65410614013672,"orthographic":false}