{"cameraMode":{"drawMode":0,"name":"Shaded","section":"Shading Mode"},"sceneLighting":true,"audioPlay":false,"sceneViewState":{"showFog":true,"showMaterialUpdate":true,"showSkybox":true,"showFlares":true,"showImageEffects":true,"showParticleSystems":true},"in2DMode":false,"pivot":{"x":121.732177734375,"y":188.322998046875,"z":369.6539306640625},"rotation":{"x":-0.2737952768802643,"y":0.3717407286167145,"z":-0.11572858691215515,"w":-0.8794640898704529},"size":2807.72314453125,"orthographic":false}