{"cameraMode":{"drawMode":0,"name":"Shaded","section":"Shading Mode"},"sceneLighting":true,"audioPlay":false,"sceneViewState":{"showFog":true,"showMaterialUpdate":true,"showSkybox":true,"showFlares":true,"showImageEffects":true,"showParticleSystems":true},"in2DMode":false,"pivot":{"x":4.7002854347229,"y":7.502796649932861,"z":-23.8131103515625},"rotation":{"x":0.35650283098220827,"y":-0.1674719601869583,"z":0.06512955576181412,"w":0.9168936014175415},"size":9.450660705566407,"orthographic":false}