{"cameraMode":{"drawMode":0,"name":"Shaded","section":"Shading Mode"},"sceneLighting":true,"audioPlay":false,"sceneViewState":{"showFog":true,"showMaterialUpdate":true,"showSkybox":true,"showFlares":true,"showImageEffects":true,"showParticleSystems":true},"in2DMode":false,"pivot":{"x":3.2387990951538088,"y":3.5538198947906496,"z":-16.18770980834961},"rotation":{"x":0.35650283098220827,"y":-0.1674719601869583,"z":0.06512955576181412,"w":0.9168936014175415},"size":5.797964572906494,"orthographic":false}