{"cameraMode":{"drawMode":0,"name":"Shaded","section":"Shading Mode"},"sceneLighting":false,"audioPlay":false,"sceneViewState":{"showFog":true,"showMaterialUpdate":true,"showSkybox":false,"showFlares":true,"showImageEffects":true,"showParticleSystems":true},"in2DMode":false,"pivot":{"x":-1.9591914415359498,"y":4.18221378326416,"z":-9.921757698059082},"rotation":{"x":-0.1944357305765152,"y":-0.4895874857902527,"z":0.11301571875810623,"w":-0.8424820303916931},"size":7.279912948608398,"orthographic":false}