{"cameraMode":{"drawMode":0,"name":"Shaded","section":"Shading Mode"},"sceneLighting":false,"audioPlay":false,"sceneViewState":{"showFog":true,"showMaterialUpdate":false,"showSkybox":false,"showFlares":true,"showImageEffects":true,"showParticleSystems":true},"in2DMode":false,"pivot":{"x":-1.438429832458496,"y":3.924955368041992,"z":-9.051368713378907},"rotation":{"x":-0.1826009452342987,"y":0.5947291851043701,"z":-0.14101526141166688,"w":-0.7701135277748108},"size":18.38225746154785,"orthographic":false}