{"cameraMode":{"drawMode":0,"name":"Shaded","section":"Shading Mode"},"sceneLighting":false,"audioPlay":false,"sceneViewState":{"showFog":true,"showMaterialUpdate":true,"showSkybox":false,"showFlares":true,"showImageEffects":true,"showParticleSystems":true},"in2DMode":false,"pivot":{"x":-11.191497802734375,"y":-3.0821533203125,"z":41.93137741088867},"rotation":{"x":0.13577620685100556,"y":0.48889562487602236,"z":-0.07734327018260956,"w":0.8582531809806824},"size":75.3134994506836,"orthographic":false}