{"cameraMode":{"drawMode":0,"name":"Shaded","section":"Shading Mode"},"sceneLighting":false,"audioPlay":false,"sceneViewState":{"showFog":true,"showMaterialUpdate":true,"showSkybox":true,"showFlares":true,"showImageEffects":true,"showParticleSystems":true},"in2DMode":false,"pivot":{"x":9.5367431640625e-7,"y":0.5756542682647705,"z":4.066211700439453},"rotation":{"x":0.3027632236480713,"y":-0.31626272201538088,"z":0.10726874321699143,"w":0.892642080783844},"size":4.988399028778076,"orthographic":false}